Workbook

Sheet Anleitung
A1: Hierber Brennerei – Erfassungsvorlage Produkte & Fässer
A2: Diese Datei ist die Datengrundlage für die zentrale Datenbank (Phase 0/1 des Masterplans). Bitte so vollständig wie möglich ausfüllen.
A4: SO GEHT'S
A5: 1. Blatt 'Listen' zuerst prüfen: Obstarten, Produkttypen, Flaschengrößen und MwSt-Sätze anpassen oder ergänzen. Diese Listen füllen die Auswahlfelder auf den anderen Blättern.
A6: 2. Blatt 'Produkte': jedes Produkt genau einmal (z. B. 'Apfelbrand'), unabhängig von der Flaschengröße.
A7: 3. Blatt 'Varianten_Preise': jede verkaufbare Flaschengröße pro Produkt mit Netto-Preis. Brutto wird automatisch berechnet.
A8: 4. Blatt 'Faesser': jedes Fass mit Nummer, Inhalt und Zustand.
A9: 5. Blatt 'Fass_aktiv': welches Fass für welches Produkt gerade abgefüllt wird (das kommt aufs Etikett).
A10: 6. Blatt 'Abfuellungen' (optional): bisherige Abfüllungen, falls bekannt – hilft beim Startbestand.
A12: FARBLEGENDE
A13: Gelbe Zellen = bitte ausfüllen (blaue Schrift = Eingabe).
A14: Blaue Zellen = werden automatisch berechnet, nicht überschreiben.
... A25: Rückgabe: Datei ins Repository unter vorlagen/ legen oder im Chat hochladen.

Sheet Listen
A1: Obstart / Kategorie | B1: Produkttyp | C1: Flaschengröße (ml) | D1: MwSt-Satz | E1: Fass-Material | F1: Fass-Status | G1: Ja/Nein
A2: Apfel | B2: Brand | C2: 20 | D2: 0.17 | E2: Edelstahl | F2: lagernd | G2: Ja
A3: Birne | B3: Likör | C3: 50 | D3: 0.14 | E3: Eiche | F3: aktiv | G3: Nein
A4: Zwetschge | B4: Gin | C4: 100 | D4: 0.08 | E4: Kastanie | F4: leer
A5: Mirabelle | B5: Whisky | C5: 200 | D5: 0.03 | E5: Akazie | F5: gesperrt
A6: Kirsche | B6: Rum | C6: 350 | D6: 0 | E6: Glasballon
A7: Quitte | B7: Vodka | C7: 500 | E7: Kunststoff
A8: Himbeere | B8: Korn | C8: 700 | E8: Sonstiges
A9: Traube (Marc) | B9: Marc | C9: 1000
A10: Getreide (Korn/Vodka/Whisky) | B10: Sambuca | C10: 1500
A11: Wacholder (Gin) | B11: Vizdrëpp
A12: Zuckerrohr (Rum) | B12: Kräuterbrand
A13: Kräuter | B13: Apfelchips
A14: Sonstiges | B14: Geschenkset
B15: Handelsware

Sheet Produkte
A1: Artikelnummer (SKU) | B1: Produktname | C1: Obstart / Kategorie | D1: Produkttyp | E1: Alkohol % vol | F1: Beschreibung (Website) | G1: Zutaten / Allergene | H1: Herkunft Obst (eigen / zugekauft) | I1: Aktiv (Ja/Nein) | J1: Foto vorhanden (Ja/Nein) | K1: Bemerkung
A2: APF-BRD-001 | B2: Apfelbrand | C2: Apfel | D2: Brand | E2: 40 | F2: Klarer Brand aus eigenen Streuobst-Äpfeln, mild und fruchtig. | G2: Enthält Alkohol | H2: eigen | I2: Ja | J2: Nein | K2: Beispielzeile – bitte überschreiben

Sheet Varianten_Preise
A1: Artikelnummer (SKU) | B1: Produktname (automatisch) | C1: Flaschengröße (ml) | D1: EAN / Barcode | E1: Preis netto (€) | F1: MwSt-Satz | G1: Preis brutto (€) | H1: Grundpreis brutto (€/l) | I1: Lagerbestand Flaschen (Stichtag) | J1: Mindestbestand | K1: Gewicht Flasche voll (g) | L1: Online verkaufen (Ja/Nein) | M1: Bemerkung
A2: APF-BRD-001 | B2: =IFERROR(INDEX(Produkte!$B$2:$B$301,MATCH(A2,Produkte!$A$2:$A$301,0)),"") | C2: 500 | D2: 5411234567890 | E2: 18.5 | F2: 0.17 | G2: =IF(E2="","",ROUND(E2*(1+F2),2)) | H2: =IF(OR(E2="",C2=""),"",ROUND(G2/(C2/1000),2)) | I2: 48 | J2: 12 | K2: 950 | L2: Ja | M2: Beispielzeile – bitte überschreiben
B3: =IFERROR(INDEX(Produkte!$B$2:$B$301,MATCH(A3,Produkte!$A$2:$A$301,0)),"") | G3: =IF(E3="","",ROUND(E3*(1+F3),2)) | H3: =IF(OR(E3="",C3=""),"",ROUND(G3/(C3/1000),2))
B4: =IFERROR(INDEX(Produkte!$B$2:$B$301,MATCH(A4,Produkte!$A$2:$A$301,0)),"") | G4: =IF(E4="","",ROUND(E4*(1+F4),2)) | H4: =IF(OR(E4="",C4=""),"",ROUND(G4/(C4/1000),2))
B5: =IFERROR(INDEX(Produkte!$B$2:$B$301,MATCH(A5,Produkte!$A$2:$A$301,0)),"") | G5: =IF(E5="","",ROUND(E5*(1+F5),2)) | H5: =IF(OR(E5="",C5=""),"",ROUND(G5/(C5/1000),2))
B6: =IFERROR(INDEX(Produkte!$B$2:$B$301,MATCH(A6,Produkte!$A$2:$A$301,0)),"") | G6: =IF(E6="","",ROUND(E6*(1+F6),2)) | H6: =IF(OR(E6="",C6=""),"",ROUND(G6/(C6/1000),2))
B7: =IFERROR(INDEX(Produkte!$B$2:$B$301,MATCH(A7,Produkte!$A$2:$A$301,0)),"") | G7: =IF(E7="","",ROUND(E7*(1+F7),2)) | H7: =IF(OR(E7="",C7=""),"",ROUND(G7/(C7/1000),2))
B8: =IFERROR(INDEX(Produkte!$B$2:$B$301,MATCH(A8,Produkte!$A$2:$A$301,0)),"") | G8: =IF(E8="","",ROUND(E8*(1+F8),2)) | H8: =IF(OR(E8="",C8=""),"",ROUND(G8/(C8/1000),2))
B9: =IFERROR(INDEX(Produkte!$B$2:$B$301,MATCH(A9,Produkte!$A$2:$A$301,0)),"") | G9: =IF(E9="","",ROUND(E9*(1+F9),2)) | H9: =IF(OR(E9="",C9=""),"",ROUND(G9/(C9/1000),2))
B10: =IFERROR(INDEX(Produkte!$B$2:$B$301,MATCH(A10,Produkte!$A$2:$A$301,0)),"") | G10: =IF(E10="","",ROUND(E10*(1+F10),2)) | H10: =IF(OR(E10="",C10=""),"",ROUND(G10/(C10/1000),2))
B11: =IFERROR(INDEX(Produkte!$B$2:$B$301,MATCH(A11,Produkte!$A$2:$A$301,0)),"") | G11: =IF(E11="","",ROUND(E11*(1+F11),2)) | H11: =IF(OR(E11="",C11=""),"",ROUND(G11/(C11/1000),2))
B12: =IFERROR(INDEX(Produkte!$B$2:$B$301,MATCH(A12,Produkte!$A$2:$A$301,0)),"") | G12: =IF(E12="","",ROUND(E12*(1+F12),2)) | H12: =IF(OR(E12="",C12=""),"",ROUND(G12/(C12/1000),2))
B13: =IFERROR(INDEX(Produkte!$B$2:$B$301,MATCH(A13,Produkte!$A$2:$A$301,0)),"") | G13: =IF(E13="","",ROUND(E13*(1+F13),2)) | H13: =IF(OR(E13="",C13=""),"",ROUND(G13/(C13/1000),2))
B14: =IFERROR(INDEX(Produkte!$B$2:$B$301,MATCH(A14,Produkte!$A$2:$A$301,0)),"") | G14: =IF(E14="","",ROUND(E14*(1+F14),2)) | H14: =IF(OR(E14="",C14=""),"",ROUND(G14/(C14/1000),2))
... B301: =IFERROR(INDEX(Produkte!$B$2:$B$301,MATCH(A301,Produkte!$A$2:$A$301,0)),"") | G301: =IF(E301="","",ROUND(E301*(1+F301),2)) | H301: =IF(OR(E301="",C301=""),"",ROUND(G301/(C301/1000),2))

Sheet Faesser
A1: Fassnummer | B1: Artikelnummer (SKU) Inhalt | C1: Produktname (automatisch) | D1: Material | E1: Volumen (l) | F1: Füllstand aktuell (l) | G1: Alkohol % vol | H1: Befüllt am | I1: Maische-/Brennchar­ge | J1: Lagerort | K1: Status | L1: Restmenge Flaschen 500 ml (automatisch) | M1: Bemerkung
A2: F-017 | B2: APF-BRD-001 | C2: =IFERROR(INDEX(Produkte!$B$2:$B$301,MATCH(B2,Produkte!$A$2:$A$301,0)),"") | D2: Edelstahl | E2: 300 | F2: 212 | G2: 41.5 | H2: 15.11.2025 | I2: M-2025-08 | J2: Fasslager links | K2: aktiv | L2: =IF(F2="","",INT(F2/0.5)) | M2: Beispielzeile – bitte überschreiben
C3: =IFERROR(INDEX(Produkte!$B$2:$B$301,MATCH(B3,Produkte!$A$2:$A$301,0)),"") | L3: =IF(F3="","",INT(F3/0.5))
C4: =IFERROR(INDEX(Produkte!$B$2:$B$301,MATCH(B4,Produkte!$A$2:$A$301,0)),"") | L4: =IF(F4="","",INT(F4/0.5))
C5: =IFERROR(INDEX(Produkte!$B$2:$B$301,MATCH(B5,Produkte!$A$2:$A$301,0)),"") | L5: =IF(F5="","",INT(F5/0.5))
C6: =IFERROR(INDEX(Produkte!$B$2:$B$301,MATCH(B6,Produkte!$A$2:$A$301,0)),"") | L6: =IF(F6="","",INT(F6/0.5))
C7: =IFERROR(INDEX(Produkte!$B$2:$B$301,MATCH(B7,Produkte!$A$2:$A$301,0)),"") | L7: =IF(F7="","",INT(F7/0.5))
C8: =IFERROR(INDEX(Produkte!$B$2:$B$301,MATCH(B8,Produkte!$A$2:$A$301,0)),"") | L8: =IF(F8="","",INT(F8/0.5))
C9: =IFERROR(INDEX(Produkte!$B$2:$B$301,MATCH(B9,Produkte!$A$2:$A$301,0)),"") | L9: =IF(F9="","",INT(F9/0.5))
C10: =IFERROR(INDEX(Produkte!$B$2:$B$301,MATCH(B10,Produkte!$A$2:$A$301,0)),"") | L10: =IF(F10="","",INT(F10/0.5))
C11: =IFERROR(INDEX(Produkte!$B$2:$B$301,MATCH(B11,Produkte!$A$2:$A$301,0)),"") | L11: =IF(F11="","",INT(F11/0.5))
C12: =IFERROR(INDEX(Produkte!$B$2:$B$301,MATCH(B12,Produkte!$A$2:$A$301,0)),"") | L12: =IF(F12="","",INT(F12/0.5))
C13: =IFERROR(INDEX(Produkte!$B$2:$B$301,MATCH(B13,Produkte!$A$2:$A$301,0)),"") | L13: =IF(F13="","",INT(F13/0.5))
C14: =IFERROR(INDEX(Produkte!$B$2:$B$301,MATCH(B14,Produkte!$A$2:$A$301,0)),"") | L14: =IF(F14="","",INT(F14/0.5))
... C301: =IFERROR(INDEX(Produkte!$B$2:$B$301,MATCH(B301,Produkte!$A$2:$A$301,0)),"") | L301: =IF(F301="","",INT(F301/0.5))

Sheet Fass_aktiv
A1: Artikelnummer (SKU) | B1: Produktname (automatisch) | C1: Aktives Fass (Fassnummer) | D1: Aktiv seit | E1: Gesetzt von | F1: Prüfung (automatisch) | G1: Bemerkung
A2: APF-BRD-001 | B2: =IFERROR(INDEX(Produkte!$B$2:$B$301,MATCH(A2,Produkte!$A$2:$A$301,0)),"") | C2: F-017 | D2: 15.11.2025 | E2: Mario | F2: =IF(A2="","",IF(COUNTIF($A$2:$A$301,A2)>1,"FEHLER: Produkt mehrfach aktiv",IF(COUNTIF(Faesser!$A$2:$A$301,C2)=0,"FEHLER: Fassnummer unbekannt",IF(IFERROR(INDEX(Faesser!$B$2:$B$301,MATCH(C2,Faesser!$A$2:$A$301,0)),"")<>A2,"WARNUNG: Fass enthält anderes Produkt","OK")))) | G2: Beispielzeile – bitte überschreiben
B3: =IFERROR(INDEX(Produkte!$B$2:$B$301,MATCH(A3,Produkte!$A$2:$A$301,0)),"") | F3: =IF(A3="","",IF(COUNTIF($A$2:$A$301,A3)>1,"FEHLER: Produkt mehrfach aktiv",IF(COUNTIF(Faesser!$A$2:$A$301,C3)=0,"FEHLER: Fassnummer unbekannt",IF(IFERROR(INDEX(Faesser!$B$2:$B$301,MATCH(C3,Faesser!$A$2:$A$301,0)),"")<>A3,"WARNUNG: Fass enthält anderes Produkt","OK"))))
B4: =IFERROR(INDEX(Produkte!$B$2:$B$301,MATCH(A4,Produkte!$A$2:$A$301,0)),"") | F4: =IF(A4="","",IF(COUNTIF($A$2:$A$301,A4)>1,"FEHLER: Produkt mehrfach aktiv",IF(COUNTIF(Faesser!$A$2:$A$301,C4)=0,"FEHLER: Fassnummer unbekannt",IF(IFERROR(INDEX(Faesser!$B$2:$B$301,MATCH(C4,Faesser!$A$2:$A$301,0)),"")<>A4,"WARNUNG: Fass enthält anderes Produkt","OK"))))
B5: =IFERROR(INDEX(Produkte!$B$2:$B$301,MATCH(A5,Produkte!$A$2:$A$301,0)),"") | F5: =IF(A5="","",IF(COUNTIF($A$2:$A$301,A5)>1,"FEHLER: Produkt mehrfach aktiv",IF(COUNTIF(Faesser!$A$2:$A$301,C5)=0,"FEHLER: Fassnummer unbekannt",IF(IFERROR(INDEX(Faesser!$B$2:$B$301,MATCH(C5,Faesser!$A$2:$A$301,0)),"")<>A5,"WARNUNG: Fass enthält anderes Produkt","OK"))))
B6: =IFERROR(INDEX(Produkte!$B$2:$B$301,MATCH(A6,Produkte!$A$2:$A$301,0)),"") | F6: =IF(A6="","",IF(COUNTIF($A$2:$A$301,A6)>1,"FEHLER: Produkt mehrfach aktiv",IF(COUNTIF(Faesser!$A$2:$A$301,C6)=0,"FEHLER: Fassnummer unbekannt",IF(IFERROR(INDEX(Faesser!$B$2:$B$301,MATCH(C6,Faesser!$A$2:$A$301,0)),"")<>A6,"WARNUNG: Fass enthält anderes Produkt","OK"))))
B7: =IFERROR(INDEX(Produkte!$B$2:$B$301,MATCH(A7,Produkte!$A$2:$A$301,0)),"") | F7: =IF(A7="","",IF(COUNTIF($A$2:$A$301,A7)>1,"FEHLER: Produkt mehrfach aktiv",IF(COUNTIF(Faesser!$A$2:$A$301,C7)=0,"FEHLER: Fassnummer unbekannt",IF(IFERROR(INDEX(Faesser!$B$2:$B$301,MATCH(C7,Faesser!$A$2:$A$301,0)),"")<>A7,"WARNUNG: Fass enthält anderes Produkt","OK"))))
B8: =IFERROR(INDEX(Produkte!$B$2:$B$301,MATCH(A8,Produkte!$A$2:$A$301,0)),"") | F8: =IF(A8="","",IF(COUNTIF($A$2:$A$301,A8)>1,"FEHLER: Produkt mehrfach aktiv",IF(COUNTIF(Faesser!$A$2:$A$301,C8)=0,"FEHLER: Fassnummer unbekannt",IF(IFERROR(INDEX(Faesser!$B$2:$B$301,MATCH(C8,Faesser!$A$2:$A$301,0)),"")<>A8,"WARNUNG: Fass enthält anderes Produkt","OK"))))
B9: =IFERROR(INDEX(Produkte!$B$2:$B$301,MATCH(A9,Produkte!$A$2:$A$301,0)),"") | F9: =IF(A9="","",IF(COUNTIF($A$2:$A$301,A9)>1,"FEHLER: Produkt mehrfach aktiv",IF(COUNTIF(Faesser!$A$2:$A$301,C9)=0,"FEHLER: Fassnummer unbekannt",IF(IFERROR(INDEX(Faesser!$B$2:$B$301,MATCH(C9,Faesser!$A$2:$A$301,0)),"")<>A9,"WARNUNG: Fass enthält anderes Produkt","OK"))))
B10: =IFERROR(INDEX(Produkte!$B$2:$B$301,MATCH(A10,Produkte!$A$2:$A$301,0)),"") | F10: =IF(A10="","",IF(COUNTIF($A$2:$A$301,A10)>1,"FEHLER: Produkt mehrfach aktiv",IF(COUNTIF(Faesser!$A$2:$A$301,C10)=0,"FEHLER: Fassnummer unbekannt",IF(IFERROR(INDEX(Faesser!$B$2:$B$301,MATCH(C10,Faesser!$A$2:$A$301,0)),"")<>A10,"WARNUNG: Fass enthält anderes Produkt","OK"))))
B11: =IFERROR(INDEX(Produkte!$B$2:$B$301,MATCH(A11,Produkte!$A$2:$A$301,0)),"") | F11: =IF(A11="","",IF(COUNTIF($A$2:$A$301,A11)>1,"FEHLER: Produkt mehrfach aktiv",IF(COUNTIF(Faesser!$A$2:$A$301,C11)=0,"FEHLER: Fassnummer unbekannt",IF(IFERROR(INDEX(Faesser!$B$2:$B$301,MATCH(C11,Faesser!$A$2:$A$301,0)),"")<>A11,"WARNUNG: Fass enthält anderes Produkt","OK"))))
B12: =IFERROR(INDEX(Produkte!$B$2:$B$301,MATCH(A12,Produkte!$A$2:$A$301,0)),"") | F12: =IF(A12="","",IF(COUNTIF($A$2:$A$301,A12)>1,"FEHLER: Produkt mehrfach aktiv",IF(COUNTIF(Faesser!$A$2:$A$301,C12)=0,"FEHLER: Fassnummer unbekannt",IF(IFERROR(INDEX(Faesser!$B$2:$B$301,MATCH(C12,Faesser!$A$2:$A$301,0)),"")<>A12,"WARNUNG: Fass enthält anderes Produkt","OK"))))
B13: =IFERROR(INDEX(Produkte!$B$2:$B$301,MATCH(A13,Produkte!$A$2:$A$301,0)),"") | F13: =IF(A13="","",IF(COUNTIF($A$2:$A$301,A13)>1,"FEHLER: Produkt mehrfach aktiv",IF(COUNTIF(Faesser!$A$2:$A$301,C13)=0,"FEHLER: Fassnummer unbekannt",IF(IFERROR(INDEX(Faesser!$B$2:$B$301,MATCH(C13,Faesser!$A$2:$A$301,0)),"")<>A13,"WARNUNG: Fass enthält anderes Produkt","OK"))))
B14: =IFERROR(INDEX(Produkte!$B$2:$B$301,MATCH(A14,Produkte!$A$2:$A$301,0)),"") | F14: =IF(A14="","",IF(COUNTIF($A$2:$A$301,A14)>1,"FEHLER: Produkt mehrfach aktiv",IF(COUNTIF(Faesser!$A$2:$A$301,C14)=0,"FEHLER: Fassnummer unbekannt",IF(IFERROR(INDEX(Faesser!$B$2:$B$301,MATCH(C14,Faesser!$A$2:$A$301,0)),"")<>A14,"WARNUNG: Fass enthält anderes Produkt","OK"))))
... B301: =IFERROR(INDEX(Produkte!$B$2:$B$301,MATCH(A301,Produkte!$A$2:$A$301,0)),"") | F301: =IF(A301="","",IF(COUNTIF($A$2:$A$301,A301)>1,"FEHLER: Produkt mehrfach aktiv",IF(COUNTIF(Faesser!$A$2:$A$301,C301)=0,"FEHLER: Fassnummer unbekannt",IF(IFERROR(INDEX(Faesser!$B$2:$B$301,MATCH(C301,Faesser!$A$2:$A$301,0)),"")<>A301,"WARNUNG: Fass enthält anderes Produkt","OK"))))

Sheet Abfuellungen
A1: Datum | B1: Fassnummer | C1: Artikelnummer (SKU) | D1: Produktname (automatisch) | E1: Flaschengröße (ml) | F1: Anzahl Flaschen | G1: Liter abgefüllt (automatisch) | H1: Losnummer | I1: Etiketten gedruckt | J1: Abgefüllt von | K1: Bemerkung
A2: 02.12.2025 | B2: F-017 | C2: APF-BRD-001 | D2: =IFERROR(INDEX(Produkte!$B$2:$B$301,MATCH(C2,Produkte!$A$2:$A$301,0)),"") | E2: 500 | F2: 60 | G2: =IF(OR(E2="",F2=""),"",E2*F2/1000) | H2: F017-251202 | I2: 60 | J2: Mario | K2: Beispielzeile – bitte überschreiben
D3: =IFERROR(INDEX(Produkte!$B$2:$B$301,MATCH(C3,Produkte!$A$2:$A$301,0)),"") | G3: =IF(OR(E3="",F3=""),"",E3*F3/1000)
D4: =IFERROR(INDEX(Produkte!$B$2:$B$301,MATCH(C4,Produkte!$A$2:$A$301,0)),"") | G4: =IF(OR(E4="",F4=""),"",E4*F4/1000)
D5: =IFERROR(INDEX(Produkte!$B$2:$B$301,MATCH(C5,Produkte!$A$2:$A$301,0)),"") | G5: =IF(OR(E5="",F5=""),"",E5*F5/1000)
D6: =IFERROR(INDEX(Produkte!$B$2:$B$301,MATCH(C6,Produkte!$A$2:$A$301,0)),"") | G6: =IF(OR(E6="",F6=""),"",E6*F6/1000)
D7: =IFERROR(INDEX(Produkte!$B$2:$B$301,MATCH(C7,Produkte!$A$2:$A$301,0)),"") | G7: =IF(OR(E7="",F7=""),"",E7*F7/1000)
D8: =IFERROR(INDEX(Produkte!$B$2:$B$301,MATCH(C8,Produkte!$A$2:$A$301,0)),"") | G8: =IF(OR(E8="",F8=""),"",E8*F8/1000)
D9: =IFERROR(INDEX(Produkte!$B$2:$B$301,MATCH(C9,Produkte!$A$2:$A$301,0)),"") | G9: =IF(OR(E9="",F9=""),"",E9*F9/1000)
D10: =IFERROR(INDEX(Produkte!$B$2:$B$301,MATCH(C10,Produkte!$A$2:$A$301,0)),"") | G10: =IF(OR(E10="",F10=""),"",E10*F10/1000)
D11: =IFERROR(INDEX(Produkte!$B$2:$B$301,MATCH(C11,Produkte!$A$2:$A$301,0)),"") | G11: =IF(OR(E11="",F11=""),"",E11*F11/1000)
D12: =IFERROR(INDEX(Produkte!$B$2:$B$301,MATCH(C12,Produkte!$A$2:$A$301,0)),"") | G12: =IF(OR(E12="",F12=""),"",E12*F12/1000)
D13: =IFERROR(INDEX(Produkte!$B$2:$B$301,MATCH(C13,Produkte!$A$2:$A$301,0)),"") | G13: =IF(OR(E13="",F13=""),"",E13*F13/1000)
D14: =IFERROR(INDEX(Produkte!$B$2:$B$301,MATCH(C14,Produkte!$A$2:$A$301,0)),"") | G14: =IF(OR(E14="",F14=""),"",E14*F14/1000)
... D301: =IFERROR(INDEX(Produkte!$B$2:$B$301,MATCH(C301,Produkte!$A$2:$A$301,0)),"") | G301: =IF(OR(E301="",F301=""),"",E301*F301/1000)

Sheet Uebersicht
A1: Übersicht (automatisch)
A3: Erfasste Produkte | B3: =COUNTA(Produkte!A2:A301)
A4: Erfasste Varianten (Flaschengrößen) | B4: =COUNTA(Varianten_Preise!A2:A301)
A5: Varianten ohne Preis | B5: =SUMPRODUCT((Varianten_Preise!A2:A301<>"")*(Varianten_Preise!E2:E301=""))
A6: Erfasste Fässer | B6: =COUNTA(Faesser!A2:A301)
A7: Fässer aktiv | B7: =COUNTIF(Faesser!K2:K301,"aktiv")
A8: Fässer lagernd | B8: =COUNTIF(Faesser!K2:K301,"lagernd")
A9: Fassvolumen gesamt (l) | B9: =SUM(Faesser!E2:E301)
A10: Aktueller Inhalt in Fässern (l) | B10: =SUM(Faesser!F2:F301)
A11: Liter reiner Alkohol in Fässern (l.A.) | B11: =ROUND(SUMPRODUCT(Faesser!F2:F301,Faesser!G2:G301)/100,1)
A12: Produkte ohne aktives Fass | B12: =SUMPRODUCT((Produkte!A2:A301<>"")*(COUNTIF(Fass_aktiv!A2:A301,Produkte!A2:A301)=0))
A13: Fehler/Warnungen auf Blatt Fass_aktiv | B13: =COUNTIF(Fass_aktiv!F2:F301,"FEHLER*")+COUNTIF(Fass_aktiv!F2:F301,"WARNUNG*")
A14: Lagerwert Flaschen netto (€) | B14: =SUMPRODUCT(Varianten_Preise!E2:E301,Varianten_Preise!I2:I301)
